,Sample,VLT
0,Device103_Bleach,0.618802579
1,Device103_Dark,0.145435801
2,Device104_Bleach,0.584919247
3,Device104_Dark,0.202392852
4,Device109_Bleach,0.486186712
5,Device109_Dark,0.17224131
6,Device0290_cycle1_bleach,0.56184347
7,Device0290_cycle1_dark,0.149926341
8,Device0290_cycle50_bleach,0.517755901
9,Device0290_cycle50_dark,0.4164659
